
INSERT INTO ID VALUES (1);
INSERT INTO USERS VALUES ('bakirw067@gmail.com', '43,QUAI CLAUDE BERNARD Grenoble FRANCE', 'bakirw', 'Walid', 'Bakir', 1);
INSERT INTO ID VALUES (2);
INSERT INTO USERS VALUES ('gavollink@gmail.com', 'Fire Street, Grenoble FRANCE', 'gavo123', 'Gavo', 'Linky', 2);
INSERT INTO ID VALUES (3);
INSERT INTO USERS VALUES ('cr7ronaldo@gmail.com', '22, Saint Levinoux Grenoble FRANCE', 'suii189', 'Cristiano', 'Ronaldo', 3);
INSERT INTO ID VALUES (4);
INSERT INTO USERS VALUES ('mosalah_liv@gmail.com', '22, Saint Bruno Grenoble FRANCE', 'mekka2010', 'Mohamed', 'Salah', 4);
INSERT INTO ID VALUES (5);
INSERT INTO USERS VALUES ('jeanfrancois@gmail.com', '19, Chavant Grenoble FRANCE', '500jean4', 'Jean', 'Francois', 5);
INSERT INTO ID VALUES (6);
INSERT INTO USERS VALUES ('theoFran22@gmail.com', '10, Chavant Grenoble FRANCE', '10_fean4', 'Theo', 'Fran', 6);
INSERT INTO ID VALUES (7);
INSERT INTO USERS VALUES ('capcapsparrow@gmail.com', '19, Desert Island Grenoble FRANCE', '500jean4', 'Jack', 'Sparrow', 7);
INSERT INTO ID VALUES (8);
INSERT INTO USERS VALUES ('michealscott007@gmail.com', '11, Dunder Mifflen Grenoble FRANCE', 'britny2010', 'Micheal', 'Scott', 8);
INSERT INTO ID VALUES (9);
INSERT INTO USERS VALUES ('dwightkshrute@gmail.com', '1, Farm street Grenoble FRANCE', 'beetsbears10', 'Dwight', 'Shrute', 9);


INSERT INTO CATEGORY (CATEGORY_NAME) VALUES ('Clothing');
INSERT INTO CATEGORY (CATEGORY_NAME) VALUES ('Hardware');
INSERT INTO CATEGORY (CATEGORY_NAME) VALUES ('Food');
INSERT INTO CATEGORY (CATEGORY_NAME) VALUES ('Electronics');
INSERT INTO CATEGORY (CATEGORY_NAME) VALUES ('House supplies');
INSERT INTO CATEGORY (CATEGORY_NAME) VALUES ('Art');
INSERT INTO CATEGORY (CATEGORY_NAME) VALUES ('House supplies');
INSERT INTO CATEGORY (CATEGORY_NAME) VALUES ('Books');
INSERT INTO CATEGORY (CATEGORY_NAME) VALUES ('Vehicules');


INSERT INTO "SOUS_CATEGORY" ("CATEGORY_NOM", "CATEGORY_NAME")
VALUES ('Computers', 'Electronics');
INSERT INTO "SOUS_CATEGORY" ("CATEGORY_NOM", "CATEGORY_NAME")
VALUES ('Phones', 'Electronics');
INSERT INTO "SOUS_CATEGORY" ("CATEGORY_NOM", "CATEGORY_NAME")
VALUES ('shoes', 'Clothing');
INSERT INTO "SOUS_CATEGORY" ("CATEGORY_NOM", "CATEGORY_NAME")
VALUES ('shirts', 'Clothing');
INSERT INTO "SOUS_CATEGORY" ("CATEGORY_NOM", "CATEGORY_NAME")
VALUES ('pants', 'Clothing');
INSERT INTO "SOUS_CATEGORY" ("CATEGORY_NOM", "CATEGORY_NAME")
VALUES ('winter clothing', 'Clothing');
INSERT INTO "SOUS_CATEGORY" ("CATEGORY_NOM", "CATEGORY_NAME")
VALUES ('TVs', 'Electronics');
INSERT INTO "SOUS_CATEGORY" ("CATEGORY_NOM", "CATEGORY_NAME")
VALUES ('Paints', 'Art');
INSERT INTO "SOUS_CATEGORY" ("CATEGORY_NOM", "CATEGORY_NAME")
VALUES ('antiques', 'Art');
INSERT INTO "SOUS_CATEGORY" ("CATEGORY_NOM", "CATEGORY_NAME")
VALUES ('crafts', 'Art');
INSERT INTO "SOUS_CATEGORY" ("CATEGORY_NOM", "CATEGORY_NAME")
VALUES ('Cleaning supplies', 'House supplies');
INSERT INTO "SOUS_CATEGORY" ("CATEGORY_NOM", "CATEGORY_NAME")
VALUES ('Furniture', 'House supplies');
INSERT INTO "SOUS_CATEGORY" ("CATEGORY_NOM", "CATEGORY_NAME")
VALUES ('Kitchen supplies', 'House supplies');
INSERT INTO "SOUS_CATEGORY" ("CATEGORY_NOM", "CATEGORY_NAME")
VALUES ('Scifi', 'Books');
INSERT INTO "SOUS_CATEGORY" ("CATEGORY_NOM", "CATEGORY_NAME")
VALUES ('novels', 'Books');
INSERT INTO "SOUS_CATEGORY" ("CATEGORY_NOM", "CATEGORY_NAME")
VALUES ('thrillers', 'Books');
INSERT INTO "SOUS_CATEGORY" ("CATEGORY_NOM", "CATEGORY_NAME")
VALUES ('Cars', 'Vehicules');
INSERT INTO "SOUS_CATEGORY" ("CATEGORY_NOM", "CATEGORY_NAME")
VALUES ('Motorcycles', 'Vehicules');
INSERT INTO "SOUS_CATEGORY" ("CATEGORY_NOM", "CATEGORY_NAME")
VALUES ('Bicycles', 'Vehicules');



INSERT INTO ID_PRODUCT VALUES (1, 'Computers');
INSERT INTO ID_PRODUCT VALUES (2, 'winter clothing');
INSERT INTO ID_PRODUCT VALUES (3, 'Phones');
INSERT INTO ID_PRODUCT VALUES (4, 'Phones');
INSERT INTO ID_PRODUCT VALUES (5, 'Computers');
INSERT INTO ID_PRODUCT VALUES (6, 'Paints');
INSERT INTO ID_PRODUCT VALUES (7, 'Computers');
INSERT INTO ID_PRODUCT VALUES (8, 'winter clothing');
INSERT INTO ID_PRODUCT VALUES (9, 'Phones');
INSERT INTO ID_PRODUCT VALUES (10, 'Phones');
INSERT INTO ID_PRODUCT VALUES (11, 'Computers');
INSERT INTO ID_PRODUCT VALUES (12, 'Paints');
INSERT INTO ID_PRODUCT VALUES (13, 'shoes');
INSERT INTO ID_PRODUCT VALUES (14, 'pants');
INSERT INTO ID_PRODUCT VALUES (15, 'crafts');
INSERT INTO ID_PRODUCT VALUES (16, 'antiques');
INSERT INTO ID_PRODUCT VALUES (17, 'antiques');
INSERT INTO ID_PRODUCT VALUES (18, 'antiques');
INSERT INTO ID_PRODUCT VALUES (19, 'antiques');
INSERT INTO ID_PRODUCT VALUES (20, 'shoes');
INSERT INTO ID_PRODUCT VALUES (21, 'shoes');
INSERT INTO ID_PRODUCT VALUES (22, 'shoes');
INSERT INTO ID_PRODUCT VALUES (23, 'shoes');
INSERT INTO ID_PRODUCT VALUES (24, 'shirts');
INSERT INTO ID_PRODUCT VALUES (25, 'shirts');
INSERT INTO ID_PRODUCT VALUES (26, 'shirts');
INSERT INTO ID_PRODUCT VALUES (27, 'shirts');
INSERT INTO ID_PRODUCT VALUES (28, 'TVs');
INSERT INTO ID_PRODUCT VALUES (29, 'TVs');
INSERT INTO ID_PRODUCT VALUES (30, 'TVs');
INSERT INTO ID_PRODUCT VALUES (31, "TVs");
INSERT INTO ID_PRODUCT VALUES (32, "TVs");
INSERT INTO ID_PRODUCT VALUES (33, "TVs");
INSERT INTO ID_PRODUCT VALUES (34, "TVs");
INSERT INTO ID_PRODUCT VALUES (35, "crafts");
INSERT INTO ID_PRODUCT VALUES (36, 'Cleaning supplies');
INSERT INTO ID_PRODUCT VALUES (37, 'Cleaning supplies');
INSERT INTO ID_PRODUCT VALUES (38, 'Cleaning supplies');
INSERT INTO ID_PRODUCT VALUES (39, 'Kitchen supplies');
INSERT INTO ID_PRODUCT VALUES (40, 'Kitchen supplies');
INSERT INTO ID_PRODUCT VALUES (41, 'Kitchen supplies');
INSERT INTO ID_PRODUCT VALUES (42, 'Kitchen supplies');
INSERT INTO ID_PRODUCT VALUES (43, 'Furniture');
INSERT INTO ID_PRODUCT VALUES (44, 'Furniture');
INSERT INTO ID_PRODUCT VALUES (45,'Furniture');
INSERT INTO ID_PRODUCT VALUES (46,'Furniture');
INSERT INTO ID_PRODUCT VALUES (47,'Furniture');
INSERT INTO ID_PRODUCT VALUES (48,'Scifi');
INSERT INTO ID_PRODUCT VALUES (49,'Scifi');
INSERT INTO ID_PRODUCT VALUES (50,'Scifi');
INSERT INTO ID_PRODUCT VALUES (51,'Scifi');
INSERT INTO ID_PRODUCT VALUES (52,'novels');
INSERT INTO ID_PRODUCT VALUES (53,'novels');
INSERT INTO ID_PRODUCT VALUES (54,'novels');
INSERT INTO ID_PRODUCT VALUES (55,'novels');
INSERT INTO ID_PRODUCT VALUES (56,'novels');
INSERT INTO ID_PRODUCT VALUES (57,'novels');
INSERT INTO ID_PRODUCT VALUES (58,'thrillers');
INSERT INTO ID_PRODUCT VALUES (59,'thrillers');
INSERT INTO ID_PRODUCT VALUES (60,'thrillers');
INSERT INTO ID_PRODUCT VALUES (61,'thrillers');
INSERT INTO ID_PRODUCT VALUES (62,'thrillers');
INSERT INTO ID_PRODUCT VALUES (63,'thrillers');
INSERT INTO ID_PRODUCT VALUES (64,'Cars');
INSERT INTO ID_PRODUCT VALUES (65,'Cars');
INSERT INTO ID_PRODUCT VALUES (66,'Cars');
INSERT INTO ID_PRODUCT VALUES (67,'Cars');
INSERT INTO ID_PRODUCT VALUES (68,'Motorcycles');
INSERT INTO ID_PRODUCT VALUES (69,'Motorcycles');
INSERT INTO ID_PRODUCT VALUES (70,'Motorcycles');
INSERT INTO ID_PRODUCT VALUES (71,'Motorcycles');
INSERT INTO ID_PRODUCT VALUES (72,'Bicycles');
INSERT INTO ID_PRODUCT VALUES (73,'Bicycles');
INSERT INTO ID_PRODUCT VALUES (74,'Bicycles');
INSERT INTO ID_PRODUCT VALUES (75,'Bicycles');
INSERT INTO ID_PRODUCT VALUES (76,'Bicycles');


INSERT INTO PRODUCT (PRODUCT_ID, CURRENT_PRICE, DESCRIPTION, CATEGORY_NOM, INTITULE, URL_PHOTO)
VALUES (1, 300, 'a printer with colors', 'Computers', 'printer', 'https://picsum.photos/200/300');

INSERT INTO PRODUCT (PRODUCT_ID, CURRENT_PRICE, DESCRIPTION, CATEGORY_NOM, INTITULE, URL_PHOTO)
VALUES (2, 25, 'New release of the winter coats collection', 'winter clothing', 'winter coat', 'https://picsum.photos/500/300');

INSERT INTO PRODUCT (PRODUCT_ID, CURRENT_PRICE, DESCRIPTION, CATEGORY_NOM, INTITULE, URL_PHOTO)
VALUES (3, 500, 'REDMI 10 Pro', 'Phones', 'phone', 'https://picsum.photos/X/100/300');

INSERT INTO PRODUCT (PRODUCT_ID, CURRENT_PRICE, DESCRIPTION, CATEGORY_NOM, INTITULE, URL_PHOTO)
VALUES (4, 100, 'The new iPhone', 'Phones', 'iPhone', 'https://picsum.photos_dot/200/300');

INSERT INTO PRODUCT (PRODUCT_ID, CURRENT_PRICE, DESCRIPTION, CATEGORY_NOM, INTITULE, URL_PHOTO)
VALUES (5, 900, 'Lenovo 2020', 'Computers', 'Lenovo', 'https://cpp//piiiocsum.photos/200/300');

INSERT INTO PRODUCT (PRODUCT_ID, CURRENT_PRICE, DESCRIPTION, CATEGORY_NOM, INTITULE, URL_PHOTO)
VALUES (6, 200, 'a portrait of the east river', 'Paints', 'portrait', 'https://piiiocsum.photos/0/300');

INSERT INTO PRODUCT (PRODUCT_ID, CURRENT_PRICE, DESCRIPTION, CATEGORY_NOM, INTITULE, URL_PHOTO)
VALUES (7, 300, '32Gb ram', 'Computers', 'Dell 3000', 'https://picsum.photos/200/300');

INSERT INTO PRODUCT (PRODUCT_ID, CURRENT_PRICE, DESCRIPTION, CATEGORY_NOM, INTITULE, URL_PHOTO)
VALUES (8, 25, 'black socks', 'winter clothing', 'winter socks', 'https://picsum.photos/500/300');

INSERT INTO PRODUCT (PRODUCT_ID, CURRENT_PRICE, DESCRIPTION, CATEGORY_NOM, INTITULE, URL_PHOTO)
VALUES (9, 500, 'REDMI', 'Phones', 'Redmi 11 Pro max', 'https://picsum.photos/X/100/300');

INSERT INTO PRODUCT (PRODUCT_ID, CURRENT_PRICE, DESCRIPTION, CATEGORY_NOM, INTITULE, URL_PHOTO)
VALUES (10, 100, 'The new iPhone', 'Phones', 'iPhone 13', 'https://picsum.photos_dot/200/300');

INSERT INTO PRODUCT (PRODUCT_ID, CURRENT_PRICE, DESCRIPTION, CATEGORY_NOM, INTITULE, URL_PHOTO)
VALUES (11, 900, 'hp 2022', 'Computers', 'hp 4010', 'https://cpp//piiiocsum.photos/200/300');

INSERT INTO PRODUCT (PRODUCT_ID, CURRENT_PRICE, DESCRIPTION, CATEGORY_NOM, INTITULE, URL_PHOTO)
VALUES (12, 200, 'davinci last painting', 'Paints', 'davinci', 'https://piiiocsum.photos/0/300');

INSERT INTO PRODUCT (PRODUCT_ID, CURRENT_PRICE, DESCRIPTION, CATEGORY_NOM, INTITULE, URL_PHOTO)
VALUES (13, 300, 'black shoes', 'shoes', 'nike air', 'https://picsum.photos/200/300');

INSERT INTO PRODUCT (PRODUCT_ID, CURRENT_PRICE, DESCRIPTION, CATEGORY_NOM, INTITULE, URL_PHOTO)
VALUES (14, 25, 'zara jean', 'pants', 'jean', 'https://picsum.photos/500/300');

INSERT INTO PRODUCT (PRODUCT_ID, CURRENT_PRICE, DESCRIPTION, CATEGORY_NOM, INTITULE, URL_PHOTO)
VALUES (15, 500, 'moroccan crafts from 1900', 'crafts', 'moroccan crafts', 'https://picsum.photos/X/100/300');

INSERT INTO PRODUCT (PRODUCT_ID, CURRENT_PRICE, DESCRIPTION, CATEGORY_NOM, INTITULE, URL_PHOTO)
VALUES (16, 100, 'vase from 850', 'antiques', 'vase', 'https://picsum.photos_dot/200/300');

INSERT INTO PRODUCT (PRODUCT_ID, CURRENT_PRICE, DESCRIPTION, CATEGORY_NOM, INTITULE, URL_PHOTO)
VALUES (17, 900, 'silver spoons', 'antiques', 'spoons', 'https://cpp//piiiocsum.photos/200/300');

INSERT INTO PRODUCT (PRODUCT_ID, CURRENT_PRICE, DESCRIPTION, CATEGORY_NOM, INTITULE, URL_PHOTO)
VALUES (18, 900, 'old rounded mirror', 'antiques', 'mirror', 'https://cpp//piiiocsum.photos/200/300');

INSERT INTO PRODUCT (PRODUCT_ID, CURRENT_PRICE, DESCRIPTION, CATEGORY_NOM, INTITULE, URL_PHOTO)
VALUES (19, 900, 'wooden chair', 'antiques', 'chair', 'https://cpp//piiiocsum.photos/200/300');


INSERT INTO PRODUCT (PRODUCT_ID, CURRENT_PRICE, DESCRIPTION, CATEGORY_NOM, INTITULE, URL_PHOTO)
VALUES (20, 300, 'black shoes', 'shoes', 'adidas shoes', 'https://picsum.photos/200/300');


INSERT INTO PRODUCT (PRODUCT_ID, CURRENT_PRICE, DESCRIPTION, CATEGORY_NOM, INTITULE, URL_PHOTO)
VALUES (21, 300, 'black shoes', 'shoes', 'reebook shoes', 'https://picsum.photos/200/300');


INSERT INTO PRODUCT (PRODUCT_ID, CURRENT_PRICE, DESCRIPTION, CATEGORY_NOM, INTITULE, URL_PHOTO)
VALUES (22, 300, 'black shoes', 'shoes', 'new balance shoes', 'https://picsum.photos/200/300');


INSERT INTO PRODUCT (PRODUCT_ID, CURRENT_PRICE, DESCRIPTION, CATEGORY_NOM, INTITULE, URL_PHOTO)
VALUES (23, 300, 'orange shoes', 'shoes', 'skechers shoes', 'https://picsum.photos/200/300');

INSERT INTO PRODUCT (PRODUCT_ID, CURRENT_PRICE, DESCRIPTION, CATEGORY_NOM, INTITULE, URL_PHOTO)
VALUES (24, 300, 'white shirt', 'shirts', 'zara shirt', 'https://picsum.photos/200/300');

INSERT INTO PRODUCT (PRODUCT_ID, CURRENT_PRICE, DESCRIPTION, CATEGORY_NOM, INTITULE, URL_PHOTO)
VALUES (25, 300, 'white shirt', 'shirts', 'H&M shirt', 'https://picsum.photos/200/300');

INSERT INTO PRODUCT (PRODUCT_ID, CURRENT_PRICE, DESCRIPTION, CATEGORY_NOM, INTITULE, URL_PHOTO)
VALUES (26, 300, 'white shirt', 'shirts', 'nike shirt', 'https://picsum.photos/200/300');

INSERT INTO PRODUCT (PRODUCT_ID, CURRENT_PRICE, DESCRIPTION, CATEGORY_NOM, INTITULE, URL_PHOTO)
VALUES (27, 300, 'grey shirt', 'shirts', 'adidas shirt', 'https://picsum.photos/200/300');

INSERT INTO PRODUCT (PRODUCT_ID, CURRENT_PRICE, DESCRIPTION, CATEGORY_NOM, INTITULE, URL_PHOTO)
VALUES (28, 25, 'sony', 'TVs', 'sony 4020', 'https://picsum.photos/500/300');

INSERT INTO PRODUCT (PRODUCT_ID, CURRENT_PRICE, DESCRIPTION, CATEGORY_NOM, INTITULE, URL_PHOTO)
VALUES (29, 25, 'LG', 'TVs', 'LG 2022', 'https://picsum.photos/500/300');

INSERT INTO PRODUCT (PRODUCT_ID, CURRENT_PRICE, DESCRIPTION, CATEGORY_NOM, INTITULE, URL_PHOTO)
VALUES (30, 25, 'samsung', 'TVs', 'samsung 400', 'https://picsum.photos/500/300');

INSERT INTO PRODUCT (PRODUCT_ID, CURRENT_PRICE, DESCRIPTION, CATEGORY_NOM, INTITULE, URL_PHOTO)
VALUES (31, 125, 'samsung 20p', 'TVs', 'samsung 500', 'https://picsum.photos/500/300');
INSERT INTO PRODUCT (PRODUCT_ID, CURRENT_PRICE, DESCRIPTION, CATEGORY_NOM, INTITULE, URL_PHOTO)
VALUES (32, 225, 'samsung 30p', 'TVs', 'samsung 600', 'https://picsum.photos/500/300');
INSERT INTO PRODUCT (PRODUCT_ID, CURRENT_PRICE, DESCRIPTION, CATEGORY_NOM, INTITULE, URL_PHOTO)
VALUES (33, 325, 'samsung 40p', 'TVs', 'samsung 700', 'https://picsum.photos/500/300');
INSERT INTO PRODUCT (PRODUCT_ID, CURRENT_PRICE, DESCRIPTION, CATEGORY_NOM, INTITULE, URL_PHOTO)
VALUES (34, 425, 'samsung 50p', 'TVs', 'samsung 800', 'https://picsum.photos/500/300');
INSERT INTO PRODUCT (PRODUCT_ID, CURRENT_PRICE, DESCRIPTION, CATEGORY_NOM, INTITULE, URL_PHOTO)
VALUES (35, 500, 'crafts from 1800', 'crafts', 'chair crafts', 'https://picsum.photos/X/100/300');
INSERT INTO PRODUCT (PRODUCT_ID, CURRENT_PRICE, DESCRIPTION, CATEGORY_NOM, INTITULE, URL_PHOTO)
VALUES (36, 40, 'pack of soap', 'Cleaning supplies', 'soap', 'https://picsum.photos/X/100/300');
INSERT INTO PRODUCT (PRODUCT_ID, CURRENT_PRICE, DESCRIPTION, CATEGORY_NOM, INTITULE, URL_PHOTO)
VALUES (37, 40, 'pack of soap', 'Cleaning supplies', 'liquide soap', 'https://picsum.photos/X/100/300');
INSERT INTO PRODUCT (PRODUCT_ID, CURRENT_PRICE, DESCRIPTION, CATEGORY_NOM, INTITULE, URL_PHOTO)
VALUES (38, 40, 'pack of soap', 'Cleaning supplies', 'toilet spray', 'https://picsum.photos/X/100/300');
INSERT INTO PRODUCT (PRODUCT_ID, CURRENT_PRICE, DESCRIPTION, CATEGORY_NOM, INTITULE, URL_PHOTO)
VALUES (39, 40, 'brand new macrowave', 'Kitchen supplies', 'macrowave 201', 'https://picsum.photos/X/100/300');
INSERT INTO PRODUCT (PRODUCT_ID, CURRENT_PRICE, DESCRIPTION, CATEGORY_NOM, INTITULE, URL_PHOTO)
VALUES (40, 40, 'brand new fernes', 'Kitchen supplies', 'fernes 2011', 'https://picsum.photos/X/100/300');
INSERT INTO PRODUCT (PRODUCT_ID, CURRENT_PRICE, DESCRIPTION, CATEGORY_NOM, INTITULE, URL_PHOTO)
VALUES (41, 10, 'wooden spoons', 'Kitchen supplies', 'spoons', 'https://picsum.photos/X/100/300');
INSERT INTO PRODUCT (PRODUCT_ID, CURRENT_PRICE, DESCRIPTION, CATEGORY_NOM, INTITULE, URL_PHOTO)
VALUES (42, 10, 'pack of cups', 'Kitchen supplies', 'cups', 'https://picsum.photos/X/100/300');
INSERT INTO PRODUCT (PRODUCT_ID, CURRENT_PRICE, DESCRIPTION, CATEGORY_NOM, INTITULE, URL_PHOTO)
VALUES (43, 1000, 'king size bed', 'Fourniture', 'bed', 'https://picsum.photos/X/100/300');
INSERT INTO PRODUCT (PRODUCT_ID, CURRENT_PRICE, DESCRIPTION, CATEGORY_NOM, INTITULE, URL_PHOTO)
VALUES (44, 100, 'desk', 'Furniture', 'desk', 'https://picsum.photos/X/100/300');
INSERT INTO PRODUCT (PRODUCT_ID, CURRENT_PRICE, DESCRIPTION, CATEGORY_NOM, INTITULE, URL_PHOTO)
VALUES (45, 100, 'sofa', 'Fourniture', 'sofa', 'https://picsum.photos/X/100/300');
INSERT INTO PRODUCT (PRODUCT_ID, CURRENT_PRICE, DESCRIPTION, CATEGORY_NOM, INTITULE, URL_PHOTO)
VALUES (46, 100, 'pack of chairs', 'Furniture', 'chairs', 'https://picsum.photos/X/100/300');
INSERT INTO PRODUCT (PRODUCT_ID, CURRENT_PRICE, DESCRIPTION, CATEGORY_NOM, INTITULE, URL_PHOTO)
VALUES (47, 100, 'a cercle table', 'Furniture', 'table', 'https://picsum.photos/X/100/300');
INSERT INTO PRODUCT (PRODUCT_ID, CURRENT_PRICE, DESCRIPTION, CATEGORY_NOM, INTITULE, URL_PHOTO)
VALUES (48, 50, 'scifi book', 'Scifi', 'Dune', 'https://picsum.photos/X/100/300');
INSERT INTO PRODUCT (PRODUCT_ID, CURRENT_PRICE, DESCRIPTION, CATEGORY_NOM, INTITULE, URL_PHOTO)
VALUES (49, 50, 'scifi book', 'Scifi', 'The Martian', 'https://picsum.photos/X/100/300');
INSERT INTO PRODUCT (PRODUCT_ID, CURRENT_PRICE, DESCRIPTION, CATEGORY_NOM, INTITULE, URL_PHOTO)
VALUES (50, 50, 'scifi book', 'Scifi', 'Children of time', 'https://picsum.photos/X/100/300');
INSERT INTO PRODUCT (PRODUCT_ID, CURRENT_PRICE, DESCRIPTION, CATEGORY_NOM, INTITULE, URL_PHOTO)
VALUES (51, 50, 'scifi book', 'Scifi', 'the wheel of time', 'https://picsum.photos/X/100/300');
INSERT INTO PRODUCT (PRODUCT_ID, CURRENT_PRICE, DESCRIPTION, CATEGORY_NOM, INTITULE, URL_PHOTO)
VALUES (52, 50, 'a novel', 'novels', 'THE GREAT GATSBY', 'https://picsum.photos/X/100/300');
INSERT INTO PRODUCT (PRODUCT_ID, CURRENT_PRICE, DESCRIPTION, CATEGORY_NOM, INTITULE, URL_PHOTO)
VALUES (53, 50, 'a novel', 'novels', 'LOLITA', 'https://picsum.photos/X/100/300');
INSERT INTO PRODUCT (PRODUCT_ID, CURRENT_PRICE, DESCRIPTION, CATEGORY_NOM, INTITULE, URL_PHOTO)
VALUES (54, 50, 'a novel', 'novels', 'SONS AND LOVERS', 'https://picsum.photos/X/100/300');
INSERT INTO PRODUCT (PRODUCT_ID, CURRENT_PRICE, DESCRIPTION, CATEGORY_NOM, INTITULE, URL_PHOTO)
VALUES (55, 50, 'a novel', 'novels', 'UNDER THE VOLCANO', 'https://picsum.photos/X/100/300');
INSERT INTO PRODUCT (PRODUCT_ID, CURRENT_PRICE, DESCRIPTION, CATEGORY_NOM, INTITULE, URL_PHOTO)
VALUES (56, 50, 'a novel', 'novels', '1984', 'https://picsum.photos/X/100/300');
INSERT INTO PRODUCT (PRODUCT_ID, CURRENT_PRICE, DESCRIPTION, CATEGORY_NOM, INTITULE, URL_PHOTO)
VALUES (57, 50, 'a novel', 'novels', 'Animal Farm', 'https://picsum.photos/X/100/300');
INSERT INTO PRODUCT (PRODUCT_ID, CURRENT_PRICE, DESCRIPTION, CATEGORY_NOM, INTITULE, URL_PHOTO)
VALUES (58, 50, 'a psy thriller', 'thrillers', 'The silent patient', 'https://picsum.photos/X/100/300');
INSERT INTO PRODUCT (PRODUCT_ID, CURRENT_PRICE, DESCRIPTION, CATEGORY_NOM, INTITULE, URL_PHOTO)
VALUES (59, 50, 'a psy thriller', 'thrillers', 'Last Day', 'https://picsum.photos/X/100/300');
INSERT INTO PRODUCT (PRODUCT_ID, CURRENT_PRICE, DESCRIPTION, CATEGORY_NOM, INTITULE, URL_PHOTO)
VALUES (60, 50, 'a psy thriller', 'thrillers', 'Cipher', 'https://picsum.photos/X/100/300');
INSERT INTO PRODUCT (PRODUCT_ID, CURRENT_PRICE, DESCRIPTION, CATEGORY_NOM, INTITULE, URL_PHOTO)
VALUES (61, 50, 'a psy thriller', 'thrillers', 'Murder', 'https://picsum.photos/X/100/300');
INSERT INTO PRODUCT (PRODUCT_ID, CURRENT_PRICE, DESCRIPTION, CATEGORY_NOM, INTITULE, URL_PHOTO)
VALUES (62, 50, 'a psy thriller', 'thrillers', 'Time of now', 'https://picsum.photos/X/100/300');
INSERT INTO PRODUCT (PRODUCT_ID, CURRENT_PRICE, DESCRIPTION, CATEGORY_NOM, INTITULE, URL_PHOTO)
VALUES (63, 50, 'a psy thriller', 'thrillers', 'Yesterday', 'https://picsum.photos/X/100/300');
INSERT INTO PRODUCT (PRODUCT_ID, CURRENT_PRICE, DESCRIPTION, CATEGORY_NOM, INTITULE, URL_PHOTO)
VALUES (64, 15000, 'black audi', 'Cars', 'Audi 201', 'https://picsum.photos/X/100/300');
INSERT INTO PRODUCT (PRODUCT_ID, CURRENT_PRICE, DESCRIPTION, CATEGORY_NOM, INTITULE, URL_PHOTO)
VALUES (65, 15000, 'black car', 'Cars', 'Audi 2011', 'https://picsum.photos/X/100/300');
INSERT INTO PRODUCT (PRODUCT_ID, CURRENT_PRICE, DESCRIPTION, CATEGORY_NOM, INTITULE, URL_PHOTO)
VALUES (65, 15000, 'red racing car', 'Cars', 'Ferrari 2000', 'https://picsum.photos/X/100/300');
INSERT INTO PRODUCT (PRODUCT_ID, CURRENT_PRICE, DESCRIPTION, CATEGORY_NOM, INTITULE, URL_PHOTO)
VALUES (66, 15000, 'White car', 'Cars', 'Renault', 'https://picsum.photos/X/100/300');
INSERT INTO PRODUCT (PRODUCT_ID, CURRENT_PRICE, DESCRIPTION, CATEGORY_NOM, INTITULE, URL_PHOTO)
VALUES (67, 15000, 'black car', 'Cars', 'Siat', 'https://picsum.photos/X/100/300');
INSERT INTO PRODUCT (PRODUCT_ID, CURRENT_PRICE, DESCRIPTION, CATEGORY_NOM, INTITULE, URL_PHOTO)
VALUES (68, 1500, 'black m', 'Motorcycles', 'Cruiser', 'https://picsum.photos/X/100/300');
INSERT INTO PRODUCT (PRODUCT_ID, CURRENT_PRICE, DESCRIPTION, CATEGORY_NOM, INTITULE, URL_PHOTO)
VALUES (69, 1500, 'black m', 'Motorcycles', 'Scooter 200', 'https://picsum.photos/X/100/300');
INSERT INTO PRODUCT (PRODUCT_ID, CURRENT_PRICE, DESCRIPTION, CATEGORY_NOM, INTITULE, URL_PHOTO)
VALUES (70, 1500, 'black m', 'Motorcycles', 'C90', 'https://picsum.photos/X/100/300');
INSERT INTO PRODUCT (PRODUCT_ID, CURRENT_PRICE, DESCRIPTION, CATEGORY_NOM, INTITULE, URL_PHOTO)
VALUES (71, 1500, 'black m', 'Motorcycles', 'Touring 109', 'https://picsum.photos/X/100/300');
INSERT INTO PRODUCT (PRODUCT_ID, CURRENT_PRICE, DESCRIPTION, CATEGORY_NOM, INTITULE, URL_PHOTO)
VALUES (73, 500, 'black bike', 'Bicycles', 'BMX', 'https://picsum.photos/X/100/300');
INSERT INTO PRODUCT (PRODUCT_ID, CURRENT_PRICE, DESCRIPTION, CATEGORY_NOM, INTITULE, URL_PHOTO)
VALUES (74, 500, 'black bike', 'Bicycles', 'Mountain Bike', 'https://picsum.photos/X/100/300');
INSERT INTO PRODUCT (PRODUCT_ID, CURRENT_PRICE, DESCRIPTION, CATEGORY_NOM, INTITULE, URL_PHOTO)
VALUES (75, 500, 'black bike', 'Bicycles', 'Road Bike', 'https://picsum.photos/X/100/300');
INSERT INTO PRODUCT (PRODUCT_ID, CURRENT_PRICE, DESCRIPTION, CATEGORY_NOM, INTITULE, URL_PHOTO)
VALUES (76, 500, 'black bike', 'Bicycles', 'Racing Bike', 'https://picsum.photos/X/100/300');

--------------------------------------------------------------------------------












-------------------------------------
INSERT INTO "CARACTERISTICS" ("CARAC", "VALUE", "PRODUCT_ID")
VALUES ('Color ', 'Black', '1');
INSERT INTO "CARACTERISTICS" ("CARAC", "VALUE", "PRODUCT_ID")
VALUES ('Size', '42', '2');
INSERT INTO "CARACTERISTICS" ("CARAC", "VALUE", "PRODUCT_ID")
VALUES ('Color ', 'Gray', '2');
INSERT INTO "CARACTERISTICS" ("CARAC", "VALUE", "PRODUCT_ID")
VALUES ('Color ', 'Gray', '3');
INSERT INTO "CARACTERISTICS" ("CARAC", "VALUE", "PRODUCT_ID")
VALUES ('RAM', '16Gb', '4');
INSERT INTO "CARACTERISTICS" ("CARAC", "VALUE", "PRODUCT_ID")
VALUES ('Color', 'Black', '5');
INSERT INTO "CARACTERISTICS" ("CARAC", "VALUE", "PRODUCT_ID")
VALUES ('Size', '10cm2', '6');
INSERT INTO "CARACTERISTICS" ("CARAC", "VALUE", "PRODUCT_ID")
VALUES ('Color', 'Black', '7');
INSERT INTO "CARACTERISTICS" ("CARAC", "VALUE", "PRODUCT_ID")
VALUES ('Iddition', '2020', '7');
INSERT INTO "CARACTERISTICS" ("CARAC", "VALUE", "PRODUCT_ID")
VALUES ('Color', 'Black', '8');
INSERT INTO "CARACTERISTICS" ("CARAC", "VALUE", "PRODUCT_ID")
VALUES ('Color', 'Black', '9');
INSERT INTO "CARACTERISTICS" ("CARAC", "VALUE", "PRODUCT_ID")
VALUES ('Color', 'Black', '10');
INSERT INTO "CARACTERISTICS" ("CARAC", "VALUE", "PRODUCT_ID")
VALUES ('Release', '2020', '10');
INSERT INTO "CARACTERISTICS" ("CARAC", "VALUE", "PRODUCT_ID")
VALUES ('Screen Size', '20', '11');
INSERT INTO "CARACTERISTICS" ("CARAC", "VALUE", "PRODUCT_ID")
VALUES ('Color', 'Black', '11');
INSERT INTO "CARACTERISTICS" ("CARAC", "VALUE", "PRODUCT_ID")
VALUES ('Size', '20cm2', '12');
INSERT INTO "CARACTERISTICS" ("CARAC", "VALUE", "PRODUCT_ID")
VALUES ('Color', 'brown', '13');
INSERT INTO "CARACTERISTICS" ("CARAC", "VALUE", "PRODUCT_ID")
VALUES ('Size', '41', '13');
INSERT INTO "CARACTERISTICS" ("CARAC", "VALUE", "PRODUCT_ID")
VALUES ('Color', 'blue', '14');
INSERT INTO "CARACTERISTICS" ("CARAC", "VALUE", "PRODUCT_ID")
VALUES ('Size', '48', '14');
INSERT INTO "CARACTERISTICS" ("CARAC", "VALUE", "PRODUCT_ID")
VALUES ('type', 'mud crafts', '15');
INSERT INTO "CARACTERISTICS" ("CARAC", "VALUE", "PRODUCT_ID")
VALUES ('Color', 'Brown and White', '16');
INSERT INTO "CARACTERISTICS" ("CARAC", "VALUE", "PRODUCT_ID")
VALUES ('number', '5', '17');
INSERT INTO "CARACTERISTICS" ("CARAC", "VALUE", "PRODUCT_ID")
VALUES ('Size', '40 cm2', '18');
INSERT INTO "CARACTERISTICS" ("CARAC", "VALUE", "PRODUCT_ID")
VALUES ('Color', 'brown', '19');
INSERT INTO "CARACTERISTICS" ("CARAC", "VALUE", "PRODUCT_ID")
VALUES ('Color', 'Black', '20');
INSERT INTO "CARACTERISTICS" ("CARAC", "VALUE", "PRODUCT_ID")
VALUES ('Size', '42', '20');
INSERT INTO "CARACTERISTICS" ("CARAC", "VALUE", "PRODUCT_ID")
VALUES ('Color', 'Black', '21');
INSERT INTO "CARACTERISTICS" ("CARAC", "VALUE", "PRODUCT_ID")
VALUES ('Size', '39', '21');
INSERT INTO "CARACTERISTICS" ("CARAC", "VALUE", "PRODUCT_ID")
VALUES ('Color', 'Black', '22');
INSERT INTO "CARACTERISTICS" ("CARAC", "VALUE", "PRODUCT_ID")
VALUES ('Size', '40', '22');
INSERT INTO "CARACTERISTICS" ("CARAC", "VALUE", "PRODUCT_ID")
VALUES ('Color', 'Black', '23');
INSERT INTO "CARACTERISTICS" ("CARAC", "VALUE", "PRODUCT_ID")
VALUES ('Size', '44', '23');
INSERT INTO "CARACTERISTICS" ("CARAC", "VALUE", "PRODUCT_ID")
VALUES ('Color', 'Black', '24');
INSERT INTO "CARACTERISTICS" ("CARAC", "VALUE", "PRODUCT_ID")
VALUES ('Sleeves', 'long', '24');
INSERT INTO "CARACTERISTICS" ("CARAC", "VALUE", "PRODUCT_ID")
VALUES ('Color', 'White', '25');
INSERT INTO "CARACTERISTICS" ("CARAC", "VALUE", "PRODUCT_ID")
VALUES ('Sleeves', 'short', '25');
INSERT INTO "CARACTERISTICS" ("CARAC", "VALUE", "PRODUCT_ID")
VALUES ('Color', 'White', '26');
INSERT INTO "CARACTERISTICS" ("CARAC", "VALUE", "PRODUCT_ID")
VALUES ('Sleeves', 'short', '26');
INSERT INTO "CARACTERISTICS" ("CARAC", "VALUE", "PRODUCT_ID")
VALUES ('Color', 'White', '27');
INSERT INTO "CARACTERISTICS" ("CARAC", "VALUE", "PRODUCT_ID")
VALUES ('Sleeves', 'long', '27');
INSERT INTO "CARACTERISTICS" ("CARAC", "VALUE", "PRODUCT_ID")
VALUES ('Color', 'Black', '28');
INSERT INTO "CARACTERISTICS" ("CARAC", "VALUE", "PRODUCT_ID")
VALUES ('Resolution', '4k', '28');
INSERT INTO "CARACTERISTICS" ("CARAC", "VALUE", "PRODUCT_ID")
VALUES ('Color', 'Black', '29');
INSERT INTO "CARACTERISTICS" ("CARAC", "VALUE", "PRODUCT_ID")
VALUES ('Resolution', '4k', '29');
INSERT INTO "CARACTERISTICS" ("CARAC", "VALUE", "PRODUCT_ID")
VALUES ('Color', 'Black', '30');
INSERT INTO "CARACTERISTICS" ("CARAC", "VALUE", "PRODUCT_ID")
VALUES ('Resolution', '720p', '30');
INSERT INTO "CARACTERISTICS" ("CARAC", "VALUE", "PRODUCT_ID")
VALUES ('Color', 'Black', '31');
INSERT INTO "CARACTERISTICS" ("CARAC", "VALUE", "PRODUCT_ID")
VALUES ('Resolution', '720p', '31');
INSERT INTO "CARACTERISTICS" ("CARAC", "VALUE", "PRODUCT_ID")
VALUES ('Color', 'Black', '33');
INSERT INTO "CARACTERISTICS" ("CARAC", "VALUE", "PRODUCT_ID")
VALUES ('Resolution', '720p', '32');
INSERT INTO "CARACTERISTICS" ("CARAC", "VALUE", "PRODUCT_ID")
VALUES ('Color', 'Black', '33');
INSERT INTO "CARACTERISTICS" ("CARAC", "VALUE", "PRODUCT_ID")
VALUES ('Resolution', '720p', '33');
INSERT INTO "CARACTERISTICS" ("CARAC", "VALUE", "PRODUCT_ID")
VALUES ('Color', 'Black', '34');
INSERT INTO "CARACTERISTICS" ("CARAC", "VALUE", "PRODUCT_ID")
VALUES ('Resolution', '720p', '34');
INSERT INTO "CARACTERISTICS" ("CARAC", "VALUE", "PRODUCT_ID")
VALUES ('type', 'wood', '35');
INSERT INTO "CARACTERISTICS" ("CARAC", "VALUE", "PRODUCT_ID")
VALUES ('Color', 'Pink', '36');
INSERT INTO "CARACTERISTICS" ("CARAC", "VALUE", "PRODUCT_ID")
VALUES ('Flavor', 'Jasmine', '36');
INSERT INTO "CARACTERISTICS" ("CARAC", "VALUE", "PRODUCT_ID")
VALUES ('Color', 'Blue', '37');
INSERT INTO "CARACTERISTICS" ("CARAC", "VALUE", "PRODUCT_ID")
VALUES ('Flavor', 'Almond', '37');
INSERT INTO "CARACTERISTICS" ("CARAC", "VALUE", "PRODUCT_ID")
VALUES ('Color', 'Pink', '38');
INSERT INTO "CARACTERISTICS" ("CARAC", "VALUE", "PRODUCT_ID")
VALUES ('Flavor', 'Lavender', '38');
INSERT INTO "CARACTERISTICS" ("CARAC", "VALUE", "PRODUCT_ID")
VALUES ('Color', 'Red', '39');
INSERT INTO "CARACTERISTICS" ("CARAC", "VALUE", "PRODUCT_ID")
VALUES ('Color', 'Red', '40');
INSERT INTO "CARACTERISTICS" ("CARAC", "VALUE", "PRODUCT_ID")
VALUES ('type', 'silver', '41');
INSERT INTO "CARACTERISTICS" ("CARAC", "VALUE", "PRODUCT_ID")
VALUES ('type', 'glass', '42');
INSERT INTO "CARACTERISTICS" ("CARAC", "VALUE", "PRODUCT_ID")
VALUES ('type', 'water bed', '43');
INSERT INTO "CARACTERISTICS" ("CARAC", "VALUE", "PRODUCT_ID")
VALUES ('type', 'wooden desk', '44');
INSERT INTO "CARACTERISTICS" ("CARAC", "VALUE", "PRODUCT_ID")
VALUES ('Color', 'Brown', '45');
INSERT INTO "CARACTERISTICS" ("CARAC", "VALUE", "PRODUCT_ID")
VALUES ('Color', 'Brown', '46');
INSERT INTO "CARACTERISTICS" ("CARAC", "VALUE", "PRODUCT_ID")
VALUES ('Color', 'Brown', '47');
INSERT INTO "CARACTERISTICS" ("CARAC", "VALUE", "PRODUCT_ID")
VALUES ('Size', '300 pages', '48');
INSERT INTO "CARACTERISTICS" ("CARAC", "VALUE", "PRODUCT_ID")
VALUES ('Size', '300 pages', '49');
INSERT INTO "CARACTERISTICS" ("CARAC", "VALUE", "PRODUCT_ID")
VALUES ('Size', '400 pages', '50');
INSERT INTO "CARACTERISTICS" ("CARAC", "VALUE", "PRODUCT_ID")
VALUES ('Size', '350 pages', '51');
INSERT INTO "CARACTERISTICS" ("CARAC", "VALUE", "PRODUCT_ID")
VALUES ('Size', '350 pages', '52');
INSERT INTO "CARACTERISTICS" ("CARAC", "VALUE", "PRODUCT_ID")
VALUES ('Size', '350 pages', '53');
INSERT INTO "CARACTERISTICS" ("CARAC", "VALUE", "PRODUCT_ID")
VALUES ('Size', '350 pages', '54');
INSERT INTO "CARACTERISTICS" ("CARAC", "VALUE", "PRODUCT_ID")
VALUES ('Size', '350 pages', '55');
INSERT INTO "CARACTERISTICS" ("CARAC", "VALUE", "PRODUCT_ID")
VALUES ('Size', '350 pages', '56');
INSERT INTO "CARACTERISTICS" ("CARAC", "VALUE", "PRODUCT_ID")
VALUES ('Size', '390 pages', '57');
INSERT INTO "CARACTERISTICS" ("CARAC", "VALUE", "PRODUCT_ID")
VALUES ('Size', '358 pages', '58');
INSERT INTO "CARACTERISTICS" ("CARAC", "VALUE", "PRODUCT_ID")
VALUES ('Size', '356 pages', '59');
INSERT INTO "CARACTERISTICS" ("CARAC", "VALUE", "PRODUCT_ID")
VALUES ('Size', '354 pages', '60');
INSERT INTO "CARACTERISTICS" ("CARAC", "VALUE", "PRODUCT_ID")
VALUES ('Size', '350 pages', '62');
INSERT INTO "CARACTERISTICS" ("CARAC", "VALUE", "PRODUCT_ID")
VALUES ('Size', '350 pages', '63');
INSERT INTO "CARACTERISTICS" ("CARAC", "VALUE", "PRODUCT_ID")
VALUES ('Speed', '350', '64');
INSERT INTO "CARACTERISTICS" ("CARAC", "VALUE", "PRODUCT_ID")
VALUES ('Color', 'Black', '64');
INSERT INTO "CARACTERISTICS" ("CARAC", "VALUE", "PRODUCT_ID")
VALUES ('Speed', '300', '65');
INSERT INTO "CARACTERISTICS" ("CARAC", "VALUE", "PRODUCT_ID")
VALUES ('Color', 'Red', '65');
INSERT INTO "CARACTERISTICS" ("CARAC", "VALUE", "PRODUCT_ID")
VALUES ('Speed', '300', '65');
INSERT INTO "CARACTERISTICS" ("CARAC", "VALUE", "PRODUCT_ID")
VALUES ('Color', 'Red', '65');
INSERT INTO "CARACTERISTICS" ("CARAC", "VALUE", "PRODUCT_ID")
VALUES ('Speed', '300', '65');
INSERT INTO "CARACTERISTICS" ("CARAC", "VALUE", "PRODUCT_ID")
VALUES ('Color', 'Red', '65');
INSERT INTO "CARACTERISTICS" ("CARAC", "VALUE", "PRODUCT_ID")
VALUES ('Speed', '300', '66');
INSERT INTO "CARACTERISTICS" ("CARAC", "VALUE", "PRODUCT_ID")
VALUES ('Color', 'Red', '66');
INSERT INTO "CARACTERISTICS" ("CARAC", "VALUE", "PRODUCT_ID")
VALUES ('Speed', '300', '67');
INSERT INTO "CARACTERISTICS" ("CARAC", "VALUE", "PRODUCT_ID")
VALUES ('Color', 'Red', '67');
INSERT INTO "CARACTERISTICS" ("CARAC", "VALUE", "PRODUCT_ID")
VALUES ('Speed', '300', '68');
INSERT INTO "CARACTERISTICS" ("CARAC", "VALUE", "PRODUCT_ID")
VALUES ('Color', 'Red', '68');
INSERT INTO "CARACTERISTICS" ("CARAC", "VALUE", "PRODUCT_ID")
VALUES ('Speed', '100', '69');
INSERT INTO "CARACTERISTICS" ("CARAC", "VALUE", "PRODUCT_ID")
VALUES ('Color', 'Red', '69');
INSERT INTO "CARACTERISTICS" ("CARAC", "VALUE", "PRODUCT_ID")
VALUES ('Speed', '120', '70');
INSERT INTO "CARACTERISTICS" ("CARAC", "VALUE", "PRODUCT_ID")
VALUES ('Color', 'Blue', '70');
INSERT INTO "CARACTERISTICS" ("CARAC", "VALUE", "PRODUCT_ID")
VALUES ('Speed', '80', '71');
INSERT INTO "CARACTERISTICS" ("CARAC", "VALUE", "PRODUCT_ID")
VALUES ('Color', 'Black', '71');
INSERT INTO "CARACTERISTICS" ("CARAC", "VALUE", "PRODUCT_ID")
VALUES ('Speed', '80', '73');
INSERT INTO "CARACTERISTICS" ("CARAC", "VALUE", "PRODUCT_ID")
VALUES ('Color', 'Pink', '73');
INSERT INTO "CARACTERISTICS" ("CARAC", "VALUE", "PRODUCT_ID")
VALUES ('Speed', '80', '74');
INSERT INTO "CARACTERISTICS" ("CARAC", "VALUE", "PRODUCT_ID")
VALUES ('Color', 'Pink', '74');
INSERT INTO "CARACTERISTICS" ("CARAC", "VALUE", "PRODUCT_ID")
VALUES ('Speed', '80', '75');
INSERT INTO "CARACTERISTICS" ("CARAC", "VALUE", "PRODUCT_ID")
VALUES ('Color', 'Black', '75');
INSERT INTO "CARACTERISTICS" ("CARAC", "VALUE", "PRODUCT_ID")
VALUES ('Speed', '80', '76');
INSERT INTO "CARACTERISTICS" ("CARAC", "VALUE", "PRODUCT_ID")
VALUES ('Color', 'White', '76');






-------------------------------------
